dept,courseNumber,courseType,numberOfMeetings,meetingLengthHours,isTba,numberEnrolled,cantOverlap,shouldntOverlap,dataNumber
AA,AA 203,LEC,2,1.5,False,103,,,1
AA,AA 204,LEC,2,1.5,False,31,,,2
AA,AA 218,LEC,2,1.5,False,18,,2,3
AA,AA 222,LEC,2,1.5,False,83,,,4
AA,AA 252,LEC,1,3,False,43,,,5
AA,AA 257,LEC,2,1.5,False,4,,,6
AA,AA 273,LEC,2,1.5,False,74,,1,7
AA,AA 279B,LEC,2,1.5,False,23,,9,8
AA,AA 279D,LEC,3,1.5,False,14,,,9
AA,AA 294,COL,1,1.5,False,21,,,10
BIOE,BIOE 212,LEC,2,1.5,False,2,,,11
BIOE,BIOE 256,LEC,1,2,False,20,,,12
BIOE,BIOE 301C,LEC,1,2,False,21,,,13
BIOE,BIOE 301C,LBS,2,2,False,16,13,,14
BIOE,BIOE 313,LEC,2,1.5,False,2,,,15
BIOE,BIOE 355,LEC,2,1.5,False,7,,,16
BIOE,BIOE 374B,LEC,1,2,False,10,,,17
BIOE,BIOE 374B,LEC,1,2,False,10,17,,18
BIOE,BIOE 450,LEC,2,1.5,False,48,,,19
BIOE,BIOE 459,LEC,2,1,False,10,,,20
BIOE,BIOE 485,LEC,2,1.5,False,7,,,21
CHEMENG,CHEMENG 260,LEC,3,1,False,16,,,22
CHEMENG,CHEMENG 320,LEC,2,1.5,False,27,,,23
CHEMENG,CHEMENG 355,LEC,2,1.5,False,26,,,24
CHEMENG,CHEMENG 355,DIS,1,1.5,False,17,24,,25
CHEMENG,CHEMENG 450,LEC,2,1.5,False,16,,,26
CHEMENG,CHEMENG 459,LEC,2,1,False,3,,,27
CHEMENG,CHEMENG 699,COL,1,2,False,14,,,28
CME,CME 206,LEC,2,1.5,False,26,,,29
CME,CME 216,LEC,3,1.5,False,22,,,30
CME,CME 250,WKS,2,1.5,False,33,,,31
CME,CME 251,LEC,2,1.5,False,1,,31,32
CME,CME 298,LEC,2,1.5,False,13,,,33
CME,CME 306,LEC,2,1.5,False,23,,,34
CME,CME 308,LEC,3,1.5,False,67,,34,35
CME,CME 323,LEC,2,1.5,False,24,,,36
CME,CME 364B,LEC,2,1.5,False,11,,1,37
CEE,CEE 207A,LEC,3,1.5,False,28,,,38
CEE,CEE 214,LEC,2,1.5,False,6,,,39
CEE,CEE 222B,LEC,1,3,False,6,,,40
CEE,CEE 222B,LEC,1,1,False,6,40,,41
CEE,CEE 223,LEC,2,1.5,False,19,,,42
CEE,CEE 226E,LEC,2,1.5,False,12,,,43
CEE,CEE 237B,,2,3,False,0,,,44
CEE,CEE 241C,SEM,1,2,False,63,,,45
CEE,CEE 246,LEC,1,3,False,33,,,46
CEE,CEE 246B,LEC,2,1.5,False,46,,,47
CEE,CEE 246S,SEM,1,1.5,False,8,46,47,48
CEE,CEE 248,LEC,1,2,False,23,,,49
CEE,CEE 257,SEM,1,1.5,False,35,,,50
CEE,CEE 260D,LEC,2,1.5,False,14,,,51
CEE,CEE 262E,LEC,3,1.5,False,45,,,52
CEE,CEE 262G,LEC,2,2,False,7,,,53
CEE,CEE 262H,LEC,2,2,False,6,,,54
CEE,CEE 263S,SEM,1,1.5,False,13,,,55
CEE,CEE 265H,LEC,2,1.5,False,5,,,56
CEE,CEE 266C,LEC,2,1.5,False,34,,,57
CEE,CEE 269C,SEM,1,1,False,35,,,58
CEE,CEE 272R,LEC,2,2,False,27,,,59
CEE,CEE 272T,SEM,1,1.5,False,6,,,60
CEE,CEE 273B,LEC,1,2,False,27,,,61
CEE,CEE 273M,LEC,1,3,False,11,,,62
CEE,CEE 274D,LEC,2,1.5,False,25,,,63
CEE,CEE 276B,LEC,2,1.5,False,17,,,64
CEE,CEE 277A,,2,1.5,False,0,,,65
CEE,CEE 277Q,LEC,2,2,False,7,,,66
CEE,CEE 277S,SEM,2,1.5,False,4,,,67
CEE,CEE 287,LEC,2,2,False,26,,,68
CEE,CEE 290,LEC,1,2,False,11,,,69
CEE,CEE 296,LEC,2,1.5,False,14,,,70
CEE,CEE 297M,LEC,1,2,False,11,,,71
CEE,CEE 301,SEM,1,1,False,20,,,72
CEE,CEE 305,LEC,2,2,False,24,,,73
CEE,CEE 312,LEC,3,1.5,False,7,,,74
CEE,CEE 314,LEC,3,2,False,9,,,75
CEE,CEE 323C,SEM,1,1,False,20,,,76
CEE,CEE 324,LEC,1,2,False,20,,,77
CEE,CEE 326,SEM,1,2,False,2,,,78
CEE,CEE 363F,LEC,2,1.5,False,11,,,79
DESINST,DESINST 215,WKS,2,2,False,20,,,80
DESINST,DESINST 245,WKS,2,2,False,11,,,81
DESINST,DESINST 250,WKS,1,3,False,17,,,82
DESINST,DESINST 265,WKS,1,2,False,24,,,83
DESINST,DESINST 285,WKS,2,3,False,7,,,84
DESINST,DESINST 366,WKS,1,2,False,12,,,85
ENGR,ENGR 202W,PRC,2,1.5,False,11,,,86
ENGR,ENGR 203,,1,2.5,False,0,,,87
ENGR,ENGR 203,PRA,1,2.5,False,3,87,,88
ENGR,ENGR 203,PRA,1,2.5,False,4,87,,89
ENGR,ENGR 203,PRA,1,2.5,False,2,87,,90
ENGR,ENGR 203,PRA,1,2.5,False,3,87,,91
ENGR,ENGR 209A,LEC,2,1.5,False,24,,,92
ENGR,ENGR 277B,SEM,2,1.5,False,1,,,93
ENGR,ENGR 295,SEM,2,1.5,False,1,,,94
ENGR,ENGR 298,COL,1,1.5,False,24,,,95
ENGR,ENGR 311B,SEM,1,2,False,77,,,96
ENGR,ENGR 391,PRA,2,1.5,False,5,,,97
CS,CS 129,LEC,1,1.5,False,59,,,98
CS,CS 129,,1,1.5,False,0,98,,99
CS,CS 129,,1,1.5,False,0,98,,100
CS,CS 129,,1,1.5,False,0,98,,101
CS,CS 129,,1,1.5,False,0,98,,102
CS,CS 202,SEM,1,1.5,False,82,,,103
CS,CS 210B,LEC,2,1.5,False,61,,,104
CS,CS 221,LEC,2,1.5,False,319,,,105
CS,CS 221,,1,1,False,0,105,,106
CS,CS 224U,LEC,2,1.5,False,243,,,107
CS,CS 225A,LEC,2,1.5,False,23,,,108
CS,CS 229,LEC,2,1.5,False,494,,,109
CS,CS 229,,1,1.5,False,0,109,,110
CS,CS 229,,1,1.5,False,0,109,,111
CS,CS 231N,LEC,2,1.5,False,578,,,112
CS,CS 231N,,1,1,False,0,112,,113
CS,CS 233,LEC,2,1.5,False,41,,,114
CS,CS 235,LEC,2,1.5,False,26,,,115
CS,CS 240,LEC,2,1.5,False,42,,,116
CS,CS 240LX,LEC,2,3,False,10,,116,117
CS,CS 241,LEC,1,1.5,False,4,,,118
CS,CS 244,LEC,2,1.5,False,42,,,119
CS,CS 244B,LEC,2,1.5,False,65,,,120
CS,CS 247G,LEC,2,3,False,72,,119,121
CS,CS 254B,LEC,2,1.5,False,27,,,122
CS,CS 272,LEC,2,1.5,False,2,,,123
CS,CS 275B,SEM,2,1.5,False,1,,,124
CS,CS 294S,LEC,2,1.5,False,7,,,125
CS,CS 298,SEM,1,1.5,False,8,,,126
CS,CS 327A,LEC,2,1.5,False,30,,,127
CS,CS 335,LEC,2,1.5,False,14,,,128
CS,CS 348B,LEC,2,1.5,False,33,,,129
CS,CS 348E,LEC,2,1.5,False,19,,,130
CS,CS 348K,LEC,2,1.5,False,23,,,131
CS,CS 350,LEC,2,1.5,False,8,,,132
CS,CS 355,LEC,2,1.5,False,32,,,133
CS,CS 360,LEC,2,2,False,7,,,134
CS,CS 361,LEC,2,1.5,False,38,,,135
CS,CS 368,LEC,2,1.5,False,25,,,136
CS,CS 372,LEC,2,1.5,False,7,,,137
CS,CS 377N,LEC,2,2,False,5,,,138
CS,CS 377Q,LEC,2,1.5,False,16,,,139
CS,CS 377U,LEC,2,1.5,False,26,,138,140
CS,CS 379C,LEC,2,1.5,False,22,,,141
CS,CS 384,SEM,1,2,False,43,,,142
CS,CS 448P,LEC,2,1.5,False,22,,,143
CS,CS 472,LEC,1,2,False,58,,,144
CS,CS 520,SEM,1,2,False,27,,,145
MATSCI,MATSCI 207,LEC,2,1.5,False,36,,,146
MATSCI,MATSCI 207,LEC,1,1.5,False,1,146,,147
MATSCI,MATSCI 208,LEC,2,1.5,False,51,,,148
MATSCI,MATSCI 209,LEC,2,1.5,False,62,,,149
MATSCI,MATSCI 210,LEC,2,1.5,False,57,,,150
MATSCI,MATSCI 230,COL,1,1.5,False,41,,,151
MATSCI,MATSCI 316,LEC,2,1.5,False,50,,,152
MATSCI,MATSCI 341,LEC,2,2,False,28,,,153
MATSCI,MATSCI 343,LEC,2,1.5,False,12,,,154
MATSCI,MATSCI 380,LEC,2,1.5,False,22,,,155
EE,EE 207,LEC,2,1.5,False,11,,,156
EE,EE 236C,LEC,2,1.5,False,22,,,157
EE,EE 237,LEC,2,1.5,False,11,,,158
EE,EE 238,LEC,2,2,False,5,,157,159
EE,EE 254,LEC,2,1.5,False,16,,,160
EE,EE 267,LEC,2,1.5,False,38,,,161
EE,EE 284A,LEC,2,1.5,False,19,,,162
EE,EE 285,LEC,1,1.5,False,1,,162,163
EE,EE 292A,LEC,2,2,False,8,,,164
EE,EE 292C,LEC,1,1.5,False,9,,,165
EE,EE 292D,LEC,1,3,False,22,,,166
EE,EE 292E,SEM,1,1.5,False,8,,,167
EE,EE 292I,SEM,1,1.5,False,57,,,168
EE,EE 292T,SEM,1,1.5,False,4,,,169
EE,EE 303,LEC,2,1.5,False,45,,,170
EE,EE 310,SEM,1,1.5,False,10,,,171
EE,EE 311,LEC,2,1.5,False,20,,,172
EE,EE 317,LEC,2,1.5,False,11,,,173
EE,EE 323,LEC,2,2,False,24,,,174
EE,EE 340,LEC,2,1.5,False,14,,,175
EE,EE 348,LEC,2,1.5,False,8,,,176
EE,EE 364B,LEC,2,1.5,False,71,,,177
EE,EE 374,LEC,2,1.5,False,13,,,178
EE,EE 380,COL,1,1.5,False,21,,,179
EE,EE 382A,LEC,2,1.5,False,21,,,180
EE,EE 382C,LEC,2,1.5,False,22,,180,181
EE,EE 384S,LEC,2,1.5,False,7,,,182
MS&E,HRP 201C,SEM,1,2,False,11,,,183
MS&E,MED 215C,,1,2,False,0,,,184
MS&E,MS&E 201,LEC,2,1.5,False,7,,,185
MS&E,MS&E 211,LEC,2,1.5,False,70,,,186
MS&E,MS&E 221,LEC,2,1.5,False,158,,,187
MS&E,MS&E 223,LEC,3,1.5,False,39,,,188
MS&E,MS&E 230,LEC,2,1.5,False,26,,,189
MS&E,MS&E 240,LEC,2,2,False,31,,,190
MS&E,MS&E 243,LEC,2,1.5,False,8,,,191
MS&E,MS&E 245B,LEC,2,1.5,False,46,,,192
MS&E,MS&E 250B,WKS,1,2,False,6,,,193
MS&E,MS&E 254,LEC,1,3,False,41,,,194
MS&E,MS&E 256,LEC,1,2,False,20,,,195
MS&E,MS&E 256A,COL,1,2,False,19,,,196
MS&E,MS&E 272,LEC,2,2,False,7,,,197
MS&E,MS&E 274,LEC,2,1.5,False,50,,,198
MS&E,MS&E 276,LEC,1,3,False,56,,,199
MS&E,MS&E 277,WKS,1,3,False,51,,199,200
MS&E,MS&E 280,LEC,2,2,False,51,,,201
MS&E,MS&E 297,LEC,1,3,False,33,,,202
MS&E,MS&E 321,LEC,3,1.5,False,7,,,203
MS&E,MS&E 324,LEC,3,1.5,False,6,,,204
MS&E,MS&E 338,LEC,3,2,False,21,,,205
MS&E,MS&E 350,WKS,1,3,False,3,,,206
MS&E,MS&E 370,RES,1,3,False,6,,,207
MS&E,MS&E 394,LEC,2,1.5,False,5,,,208
MS&E,MS&E 433,SEM,1,2,False,14,,,209
MS&E,MS&E 441,,1,1.5,False,0,,,210
MS&E,MS&E 448,WKS,1,3,False,28,,,211
MS&E,MS&E 463,WKS,2,1.5,False,20,,,212
MS&E,MS&E 472,COL,1,1,False,301,,,213
MS&E,MS&E 494,SEM,1,1,False,6,,,214
ME,ME 110B,LEC,1,1.5,False,15,,,215
ME,ME 203,LEC,2,3,False,13,,,216
ME,ME 206B,LEC,2,2,False,24,,,217
ME,ME 206B,LEC,1,2,False,24,217,,218
ME,ME 216M,LEC,2,2,False,20,,,219
ME,ME 218C,LEC,2,3,False,24,,,220
ME,ME 220,LEC,2,2,False,45,,,221
ME,ME 225,LEC,1,3,False,27,,,222
ME,ME 227,LEC,2,1.5,False,60,,222,223
ME,ME 236,LEC,1,3,False,8,,,224
ME,ME 257,LEC,3,2,False,5,,,225
ME,ME 265,LEC,2,2,False,13,,,226
ME,ME 283,LEC,2,1.5,False,45,,,227
ME,ME 300C,LEC,2,1.5,False,37,,,228
ME,ME 301,WKS,2,2,False,17,,,229
ME,ME 304D,SEM,1,1.5,False,17,,,230
ME,ME 310C,LAB,2,1.5,False,23,,,231
ME,ME 316C,WKS,2,1.5,False,13,,,232
ME,ME 318,LAB,1,1.5,False,7,,,233
ME,ME 321,LEC,1,3,False,15,,,234
ME,ME 324,LEC,2,1.5,False,24,,,235
ME,ME 325,LEC,1,1.5,False,24,,,236
ME,ME 327,LEC,2,1.5,False,65,,,237
ME,ME 334,LEC,3,1,False,23,,,238
ME,ME 338,LEC,3,1.5,False,11,,,239
ME,ME 343,LEC,3,1.5,False,14,,,240
ME,ME 346A,LEC,3,2,False,27,,,241
ME,ME 352C,LEC,3,1,False,11,,,242
ME,ME 354,LEC,2,1.5,False,13,,,243
ME,ME 356,LEC,2,1.5,False,16,,,244
ME,ME 357,LEC,3,2,False,1,,,245
ME,ME 361,LEC,2,1.5,False,24,,,246
ME,ME 361,DIS,1,1.5,False,16,246,,247
ME,ME 368B,LEC,1,2,False,6,,,248
ME,ME 368B,LEC,1,2,False,6,248,,249
ME,ME 372,LEC,3,1,False,10,,,250
ME,ME 378,LEC,1,2,False,8,,,251
ME,ME 397,RES,1,1.5,False,3,,,252
ME,ME 410C,LEC,1,3,False,8,,,253
ME,ME 485,LEC,2,1.5,False,9,,,254
AA,AA 109Q,ISS,3,1.5,False,17,,,255
AA,AA 119N,ISF,2,1,False,12,,,256
AA,AA 146B,LAB,2,1.5,False,3,,,257
AA,AA 173,LEC,2,1,False,11,255,256,258
BIOE,BIOE 32Q,ISS,1,3,False,19,,,259
BIOE,BIOE 42,LEC,2,1.5,False,50,,,260
BIOE,BIOE 51,LBS,2,1.5,False,47,,,261
BIOE,BIOE 51,LBS,2,1.5,False,19,261,,262
BIOE,BIOE 70Q,ISS,2,1.5,False,17,,,263
BIOE,BIOE 72N,ISF,1,3,False,6,,,264
BIOE,BIOE 80,LEC,3,1,False,93,,,265
BIOE,BIOE 103,LEC,2,1.5,False,50,,,266
BIOE,BIOE 103,LEC,1,1,False,50,266,,267
BIOE,BIOE 131,LEC,2,1.5,False,210,,,268
BIOE,BIOE 193,,1,1.5,False,0,,,269
BIOE,BIOE 199A,SEM,1,1,False,12,,,270
BIOE,BIOE 201C,LEC,1,2,False,7,,,271
CHEMENG,CHEMENG 120B,LEC,3,1.5,False,14,,,272
CHEMENG,CHEMENG 130A,LEC,2,1.5,False,23,,,273
CHEMENG,CHEMENG 160,LEC,3,1,False,8,,,274
CHEMENG,CHEMENG 170,LEC,2,1.5,False,29,,,275
CHEMENG,CHEMENG 180,LEC,2,1.5,False,18,,,276
CHEMENG,CHEMENG 193,SEM,1,1.5,False,3,,,277
CME,CME 100,LEC,2,14,False,103,,,278
CME,CME 100A,LEC,2,2,False,26,278,,279
CME,CME 102,LEC,2,2,False,48,,,280
CME,CME 102A,LEC,2,2,False,11,280,,281
CME,CME 104,LEC,2,2,False,19,,,282
CME,CME 104A,LEC,2,2,False,5,283,,283
CME,CME 107,LEC,2,1.5,False,2,,,284
CME,CME 193,WKS,2,1.5,False,98,,,285
CME,CME 195,WKS,2,1.5,False,17,,,286
CME,CME 197,WKS,2,1.5,False,6,,,287
CEE,CEE 6,LEC,2,1.5,False,26,,,288
CEE,CEE 32Q,ISS,1,2,False,8,,,289
CEE,CEE 102W,PRA,2,1.5,False,2,,,290
CEE,CEE 107A,LEC,3,1.5,False,37,,,291
CEE,CEE 114,LEC,2,1.5,False,9,,,292
CEE,CEE 122B,,1,1,False,0,,,293
CEE,CEE 122B,,1,3,False,0,293,,294
CEE,CEE 126Z,SEM,1,1,False,13,,,295
CEE,CEE 131D,PRA,2,3,False,5,,,296
CEE,CEE 137B,LEC,2,3,False,4,,,297
CEE,CEE 141C,SEM,1,2,False,1,,,298
CEE,CEE 157,SEM,1,1.5,False,20,,,299
CEE,CEE 162E,LEC,3,1.5,False,3,,,300
CEE,CEE 165H,LEC,2,1.5,False,2,,,301
CEE,CEE 172,LEC,3,1,False,29,,,302
CEE,CEE 176B,LEC,2,1.5,False,48,,,303
CEE,CEE 177Q,LEC,2,2,False,1,,,304
CEE,CEE 177S,SEM,2,1.5,False,4,,,305
CEE,CEE 180,LEC,2,2,False,9,,,306
CEE,CEE 183,LEC,2,3,False,7,,,307
CEE,CEE 192,LAB,2,1.5,False,1,,,308
EE,EE 65,LEC,3,1,False,43,,,309
EE,EE 101B,LEC,3,1,False,30,,,310
EE,EE 102B,LEC,3,1.5,False,27,310,,311
EE,EE 104,LEC,2,1.5,False,24,,,312
EE,EE 109,LEC,3,1,False,6,,,313
EE,EE 142,LEC,2,1.5,False,17,,,314
EE,EE 178,LEC,2,1.5,False,29,,,315
EE,EE 180,LEC,2,1.5,False,68,,,316
EE,EE 185,,1,1.5,False,0,,,317
EE,EE 267W,LEC,2,1.5,False,5,,,318
CS,CS 52,LEC,2,2,False,14,,,319
CS,CS 81SI,ACT,1,1.5,False,17,,,320
CS,CS 82SI,ACT,1,1.5,False,9,320,,321
CS,CS 102,LEC,2,1.5,False,137,,,322
CS,CS 103,LEC,3,1.5,False,475,,,323
CS,CS 105,LEC,3,1,False,79,,322,324
CS,CS 105,,1,1.5,False,0,324,,325
CS,CS 105,,1,1.5,False,0,324,,326
CS,CS 106A,LEC,3,1,False,666,,,327
CS,CS 106A,,1,1,False,0,327,,328
CS,CS 106A,,1,1,False,0,327,,329
CS,CS 106A,,1,1,False,0,327,,330
CS,CS 106A,,1,1,False,0,327,,331
CS,CS 106A,,1,1,False,0,327,,332
CS,CS 106A,,1,1,False,0,327,,333
CS,CS 106A,,1,1,False,0,327,,334
CS,CS 106A,,1,1,False,0,327,,335
CS,CS 106A,,1,1,False,0,327,,336
CS,CS 106A,,1,1,False,0,327,,337
CS,CS 106A,,1,1,False,0,327,,338
CS,CS 106A,,1,1,False,0,,,339
CS,CS 106A,,1,1,False,0,,,340
CS,CS 106A,,1,1,False,0,,,341
CS,CS 106A,,1,1,False,0,,,342
CS,CS 106A,,1,1,False,0,,,343
CS,CS 106A,,1,1,False,0,,,344
CS,CS 106A,,1,1,False,0,,,345
CS,CS 106A,,1,1,False,0,,,346
CS,CS 106A,,1,1,False,0,,,347
CS,CS 106A,,1,1,False,0,,,348
CS,CS 106A,,1,1,False,0,,,349
CS,CS 106A,,1,1,False,0,,,350
CS,CS 106A,,1,1,False,0,,,351
CS,CS 106A,,1,1,False,0,,,352
CS,CS 106A,,1,1,False,0,,,353
CS,CS 106A,,1,1,False,0,,,354
CS,CS 106A,,1,1,False,0,,,355
CS,CS 106A,,1,1,False,0,,,356
CS,CS 106A,,1,1,False,0,,,357
CS,CS 106A,,1,1,False,0,,,358
CS,CS 106A,,1,1,False,0,,,359
CS,CS 106A,,1,1,False,0,,,360
CS,CS 106A,,1,1,False,0,,,361
CS,CS 106A,,1,1,False,0,,,362
CS,CS 106A,,1,1,False,0,,,363
CS,CS 106A,,1,1,False,0,,,364
CS,CS 106A,,1,1,False,0,,,365
CS,CS 106A,,1,1,False,0,,,366
CS,CS 106A,,1,1,False,0,,,367
CS,CS 106A,,1,1,False,0,,,368
CS,CS 106A,,1,1,False,0,,,369
CS,CS 106A,,1,1,False,0,,,370
CS,CS 106A,,1,1,False,0,,,371
CS,CS 106A,,1,1,False,0,,,372
CS,CS 106A,,1,1,False,0,,,373
CS,CS 106A,,1,1,False,0,,,374
CS,CS 106A,,1,1,False,0,,,375
CS,CS 106A,,1,1,False,0,,,376
CS,CS 106A,,1,1,False,0,,,377
CS,CS 106A,,1,1,False,0,,,378
CS,CS 106A,,1,1,False,0,,,379
CS,CS 106A,,1,1,False,0,,,380
CS,CS 106A,,1,1,False,0,,,381
CS,CS 106A,,1,1,False,0,,,382
CS,CS 106A,,1,1,False,0,,,383
CS,CS 106A,,1,1,False,0,,,384
CS,CS 106A,,1,1,False,0,,,385
CS,CS 106A,,1,1,False,0,,,386
CS,CS 106A,,1,1,False,0,,,387
CS,CS 106A,,1,1,False,0,,,388
CS,CS 106A,,1,1,False,0,,,389
CS,CS 106A,,1,1,False,0,,,390
CS,CS 106A,,1,1,False,0,,,391
CS,CS 106A,,1,1,False,0,,,392
CS,CS 106A,,1,1,False,0,,,393
CS,CS 106A,,1,1,False,0,,,394
CS,CS 106A,,1,1,False,0,,,395
CS,CS 106A,,1,1,False,0,,,396
CS,CS 106A,,1,1,False,0,,,397
CS,CS 106A,,1,1,False,0,,,398
CS,CS 106A,,1,1,False,0,,,399
CS,CS 106A,,1,1,False,0,,,400
CS,CS 106A,,1,1,False,0,,,401
CS,CS 106A,,1,1,False,0,,,402
CS,CS 106A,,1,1,False,0,,,403
CS,CS 106A,,1,1,False,0,,,404
CS,CS 106A,,1,1,False,0,,,405
CS,CS 106A,,1,1,False,0,,,406
CS,CS 106A,,1,1,False,0,,,407
CS,CS 106A,,1,1,False,0,,,408
CS,CS 106A,,1,1,False,0,,,409
CS,CS 106A,,1,1,False,0,,,410
CS,CS 106A,,1,1,False,0,,,411
CS,CS 106A,,1,1,False,0,,,412
CS,CS 106A,,1,1,False,0,,,413
CS,CS 106A,,1,1,False,0,,,414
CS,CS 106A,,1,1,False,0,,,415
CS,CS 106A,,1,1,False,0,,,416
CS,CS 106A,,1,1,False,0,,,417
CS,CS 106A,,1,1,False,0,,,418
CS,CS 106A,,1,1,False,0,,,419
CS,CS 106A,,1,1,False,0,,,420
CS,CS 106A,,1,1,False,0,,,421
CS,CS 106A,,1,1,False,0,,,422
CS,CS 106A,,1,1,False,0,,,423
CS,CS 106A,,1,1,False,0,,,424
CS,CS 106A,,1,1,False,0,,,425
CS,CS 106A,,1,1,False,0,,,426
CS,CS 106A,,1,1,False,0,,,427
CS,CS 106A,,1,1,False,0,,,428
CS,CS 106A,,1,1,False,0,,,429
CS,CS 106A,,1,1,False,0,,,430
CS,CS 106A,,1,1,False,0,,,431
CS,CS 106B,LEC,3,1,False,575,,327,432
CS,CS 106E,LEC,3,1,False,114,,,433
CS,CS 106L,LAB,2,1.5,False,47,433,,434
CS,CS 106S,LAB,1,2,False,10,433,,435
CS,CS 107,LEC,2,2,False,401,,,436
CS,CS 107A,LAB,1,3,False,35,436,,437
CS,CS 107E,LEC,2,1.5,False,19,436,,438
CS,CS 109,LEC,3,1.5,False,362,,,439
CS,CS 109,,1,1,False,0,439,,440
CS,CS 109,,1,1,False,0,439,,441
CS,CS 109,,1,1,False,0,439,,442
CS,CS 109,,1,1,False,0,439,,443
CS,CS 109,,1,1,False,0,439,,444
CS,CS 109,,1,1,False,0,439,,445
CS,CS 109,,1,1,False,0,439,,446
CS,CS 109,,1,1,False,0,439,,447
CS,CS 109,,1,1,False,0,439,,448
CS,CS 109,,1,1,False,0,,,449
CS,CS 109,,1,1.5,False,0,,,450
CS,CS 109,,1,1.5,False,0,,,451
CS,CS 109,,1,1.5,False,0,,,452
CS,CS 109,,1,1,False,0,,,453
CS,CS 109,,1,1,False,0,,,454
CS,CS 109,,1,1,False,0,,,455
CS,CS 109,,1,1,False,0,,,456
CS,CS 109,,1,1,False,0,,,457
CS,CS 109,,1,1.5,False,0,,,458
CS,CS 109,,1,1.5,False,0,,,459
CS,CS 109,,1,1.5,False,0,,,460
CS,CS 109,,1,1,False,0,,,461
CS,CS 109,,1,1,False,0,,,462
CS,CS 109,,1,1,False,0,,,463
CS,CS 109,,1,1,False,0,,,464
CS,CS 109,,1,1,False,0,,,465
CS,CS 109,,1,1,False,0,,,466
CS,CS 109,,1,1,False,0,,,467
CS,CS 109,,1,1,False,0,,,468
CS,CS 109,,1,1,False,0,,,469
CS,CS 109,,1,1,False,0,,,470
CS,CS 109,,1,1,False,0,,,471
CS,CS 109,,1,1,False,0,,,472
CS,CS 109,,1,1,False,0,,,473
CS,CS 109,,1,1,False,0,,,474
CS,CS 109,,1,1,False,0,,,475
CS,CS 110,LEC,3,1,False,456,,,476
CS,CS 110,LEC,3,1,False,23,476,,477
CS,CS 110,,1,1,False,0,476,,478
CS,CS 110,,1,1,False,0,477,,479
CS,CS 110,,1,1,False,0,476,,480
CS,CS 110,,1,1,False,0,476,,481
CS,CS 110,,1,1,False,0,476,,482
CS,CS 110,,1,1,False,0,476,,483
CS,CS 110,,1,1,False,0,476,,484
CS,CS 110,,1,1,False,0,,,485
CS,CS 110,,1,1,False,0,,,486
CS,CS 110,,1,1,False,0,,,487
CS,CS 110L,LAB,2,1,False,23,,477,488
CS,CS 140,LEC,3,1,False,116,,,489
CS,CS 140,,1,1,False,0,489,,490
CS,CS 140,,1,1,False,0,489,,491
CS,CS 142,LEC,3,1,False,192,,,492
CS,CS 142,,1,1,False,0,492,,493
CS,CS 142,,1,1,False,0,492,,494
CS,CS 142,,1,1,False,0,492,,495
CS,CS 143,LEC,2,1.5,False,137,,,496
CS,CS 151,LEC,2,1.5,False,47,,,497
CS,CS 155,LEC,2,1.5,False,182,,,498
CS,CS 155,,1,1,False,0,498,,499
CS,CS 166,LEC,2,1.5,False,56,,,500
CS,CS 168,LEC,2,1.5,False,305,,500,501
CS,CS 181,LEC,2,1.5,False,20,,,502
CS,CS 181,,1,1,False,0,502,,503
CS,CS 181,,1,1,False,0,502,,504
CS,CS 181,,1,1,False,0,502,,505
CS,CS 181,,1,1.5,False,0,502,,506
CS,CS 181,,1,1,False,0,502,,507
CS,CS 181,,1,1,False,0,502,,508
CS,CS 181,,1,1,False,0,502,,509
CS,CS 181W,LEC,2,1.5,False,93,502,,510
CS,CS 184,LEC,1,1.5,False,19,,,511
CS,CS 193P,LEC,2,1.5,False,29,,,512
CS,CS 193X,LEC,2,1.5,False,67,,,513
CS,CS 194,LEC,2,1.5,False,18,,,514
CS,CS 194A,LAB,1,1.5,False,29,514,,515
CS,CS 194W,LEC,2,1.5,False,39,514,,516
CS,CS 198,LEC,1,2,False,2,,,517
CS,CS 198,,1,2,False,0,517,,518
CS,CS 198,,1,2,False,0,517,,519
CS,CS 198,,1,2,False,0,517,,520
CS,CS 230,LEC,1,1.5,False,261,,,521
CS,CS 230,,1,1.5,False,0,521,,522
CS,CS 230,,1,1.5,False,0,521,,523
CS,CS 230,,1,1.5,False,0,521,,524
CS,CS 230,,1,1.5,False,0,521,,525
CS,CS 230,,1,1.5,False,0,521,,526
CS,CS 230,,1,1.5,False,0,521,,527
CS,CS 230,,1,1.5,False,0,521,,528
CS,CS 230,,1,1.5,False,0,521,,529
CS,CS 278,LEC,2,1,False,193,,,530
ENGR,ENGR 14,LEC,2,1.5,False,98,,,531
ENGR,ENGR 15,LEC,2,1.5,False,87,,531,532
ENGR,ENGR 21,LEC,2,1.5,False,53,,,533
ENGR,ENGR 40M,LEC,3,1.5,False,202,,,534
ENGR,ENGR 50,LEC,3,1.25,False,42,,,535
ENGR,ENGR 62,LEC,2,1.5,False,5,,,536
ENGR,ENGR 62,DIS,1,1.5,False,3,536,,537
ENGR,ENGR 80,LEC,3,1,False,34,,,538
ENGR,ENGR 102W,PRA,2,1.5,False,9,,,539
ENGR,ENGR 103,PRA,1,2.5,False,12,,,540
ENGR,ENGR 103,PRA,1,2.5,False,6,,,541
ENGR,ENGR 103,PRA,1,2.5,False,5,,,542
ENGR,ENGR 103,PRA,1,2.5,False,3,,,543
ENGR,ENGR 103,PRA,1,2.5,False,2,,,544
ENGR,ENGR 105,LEC,2,1.5,False,50,,,545
ENGR,ENGR 140A,SEM,2,2,False,12,,,546
ENGR,ENGR 145,LEC,2,1.5,False,52,,,547
ENGR,ENGR 154,LEC,2,2,False,1,,,548
ENGR,ENGR 155A,,2,2,False,0,,,549
ENGR,ENGR 155B,LEC,2,2,False,4,548,549,550
ENGR,ENGR 177B,SEM,2,1.5,False,3,,,551
ENGR,ENGR 193,SEM,1,1.5,False,4,,,552
MS&E,CHEM 134,,1,4,False,0,,,553
MS&E,CHEM 134,,1,4,False,0,,,554
MS&E,CHEM 134,,1,4,False,0,,,555
MS&E,CHEM 134,,1,4,False,0,553,554,556
MS&E,ENGR 140A,SEM,2,2,False,12,,,557
MS&E,MS&E 93Q,ISS,1,3,False,12,,,558
MS&E,MS&E 111,LEC,2,1.5,False,116,,,559
MS&E,MS&E 111,DIS,1,1.5,False,86,559,,560
MS&E,MS&E 121,LEC,2,2,False,63,,,561
MS&E,MS&E 140,LEC,2,2,False,37,,,562
MS&E,MS&E 152,LEC,2,1.5,False,128,,,563
MS&E,MS&E 178,LEC,2,1,False,44,,,564
MS&E,MS&E 182B,,3,2,False,0,,,565
MS&E,MS&E 184,LEC,2,2,False,67,,,566
MS&E,MS&E 190,LEC,2,1.5,False,25,,,567
MATSCI,MATSCI 81N,ISF,2,1.5,False,8,,,568
MATSCI,MATSCI 90Q,ISS,2,1.5,False,19,,,569
MATSCI,MATSCI 142,LEC,3,1,False,22,,,570
MATSCI,MATSCI 144,LEC,2,1.5,False,27,,,571
MATSCI,MATSCI 160,LAB,1,1.5,False,9,,,572
MATSCI,MATSCI 190,LEC,2,1.5,False,4,,,573
MATSCI,MATSCI 197,,2,1.5,False,0,,,574
MATSCI,MATSCI 197,,1,1.5,False,0,574,,575
MATSCI,MATSCI 198,LEC,2,1.5,False,2,,,576
MATSCI,MATSCI 199,,2,1.5,False,0,,,577
ME,ME 2,LAB,1,1,False,9,,,578
ME,ME 70,LEC,2,1.5,False,69,,,579
ME,ME 80,LEC,2,1.5,False,80,,583,580
ME,ME 101,LEC,2,2,False,26,,,581
ME,ME 102,LAB,2,1.5,False,60,581,583,582
ME,ME 103,LEC,2,3,False,12,,,583
ME,ME 104,LEC,3,2,False,90,,,584
ME,ME 104B,SEM,1,2,False,47,584,,585
ME,ME 104S,SEM,1,2,False,4,584,,586
ME,ME 110,PRC,1,2.5,False,22,,,587
ME,ME 110,PRC,1,2.5,False,11,,,588
ME,ME 115C,LEC,2,1.5,False,52,,,589
ME,ME 120,LEC,3,1,False,88,,,590
ME,ME 123,LEC,2,1.5,False,20,,,591
ME,ME 127,LEC,2,1.5,False,37,,,592
ME,ME 128,LEC,1,1.5,False,7,,,593
ME,ME 133,LEC,3,1,False,7,,,594
ME,ME 152,LEC,2,1.5,False,25,,,595
ME,ME 195A,SEM,1,1.5,False,9,,,596
ME,ME 216C,LEC,2,2,False,52,,,597
